File Name,color,Color Index,Red,Green,Blue,Max Proportion,HEX,Price,formulation,date,saturation,lightness,tone
3CE_드롭글로우젤_CALMING,,1,163,79,96,100.00%,#a34f60,"18,000",글로시,5,52,47,strong
3CE_드롭글로우젤_ESSENTIAL,,1,166,84,88,58.71%,#a65458,"18,000",글로시,5,49,49,dull
3CE_드롭글로우젤_MILDER,,1,185,81,110,100.00%,#b9516e,"18,000",글로시,5,56,52,strong
3CE_드롭글로우젤_NEAT,,1,195,77,92,93.65%,#c34d5c,"18,000",글로시,5,61,53,strong
3CE_드롭글로우젤_RAWAPPLE,,1,209,36,73,70.15%,#d12449,"18,000",글로시,5,83,48,vivid
3CE_드롭글로우젤_SHY,,1,219,59,91,100.00%,#db3b5b,"18,000",글로시,5,73,55,strong
3CE_드롭글로우젤_VERYSURE,,1,153,42,65,72.20%,#992a41,"18,000",글로시,5,73,38,deep
3CE_드롭글로우젤_WEEKEND,,1,146,68,66,99.97%,#924442,"18,000",글로시,5,55,42,deep
3CE_드롭글로우젤_WONDER,,1,123,38,70,99.47%,#7b2646,"18,000",글로시,5,69,32,deep
3CE_드롭글로우젤_YOUTH,,1,219,98,97,54.77%,#db6261,"18,000",글로시,5,56,62,strong
3CE_벨벳립틴트_BESTEVER,,1,228,8,31,99.54%,#e4081f,"18,000",매트,176,96,46,vivid
3CE_벨벳립틴트_BITTERHOUR,,1,144,69,47,100.00%,#90452f,"18,000",매트,176,67,37,deep
3CE_벨벳립틴트_CASHMERENUDE,,1,202,102,100,83.79%,#ca6664,"18,000",매트,176,50,59,strong
3CE_벨벳립틴트_CHIDLIKE,,1,225,28,4,92.63%,#e11c04,"18,000",매트,176,98,45,vivid
3CE_벨벳립틴트_COZYCRUSH,,1,203,126,125,81.24%,#cb7e7d,"18,000",매트,176,38,64,soft
3CE_벨벳립틴트_DAFFODIL,,1,191,59,50,97.36%,#bf3b32,"18,000",매트,176,74,47,strong
3CE_벨벳립틴트_DEFINITION,,1,130,34,36,66.88%,#822224,"18,000",매트,176,74,32,deep
3CE_벨벳립틴트_FADEIN,,1,151,78,93,90.35%,#974e5d,"18,000",매트,176,48,45,dull
3CE_벨벳립틴트_GOINGRIGHT,,1,207,86,76,100.00%,#cf564c,"18,000",매트,176,63,55,strong
3CE_벨벳립틴트_LIKEGENTLE,,1,216,117,99,99.24%,#d87563,"18,000",매트,176,54,62,strong
3CE_벨벳립틴트_NEWNUDE,,1,218,118,93,100.00%,#da765d,"18,000",매트,176,57,61,strong
3CE_벨벳립틴트_PINKBREAK,,1,229,83,106,100.00%,#e5536a,"18,000",매트,176,64,61,strong
3CE_벨벳립틴트_PRIVATE,,1,181,0,0,74.74%,#b50000,"18,000",매트,176,100,35,vivid
3CE_벨벳립틴트_SPEAKUP,,1,150,53,39,82.51%,#963527,"18,000",매트,176,74,37,deep
3CE_벨벳립틴트_TAUPE,,1,125,36,6,87.27%,#7d2406,"18,000",매트,176,95,26,vivid
3CE_벨벳립틴트_THINKAGAIN,,1,210,97,78,99.74%,#d2614e,"18,000",매트,176,63,56,strong
3CE_벨벳립틴트_WALKNWALK,,1,185,100,81,91.24%,#b96451,"18,000",매트,176,56,52,strong
3CE_블러매트립스틱_BREEZY MELODY,,1,179,76,67,97.88%,#b34c43,"22,000",매트,89,63,48,strong
3CE_블러매트립스틱_INTHEFOG,,1,187,117,117,70.91%,#bb7575,"22,000",매트,89,37,60,soft
3CE_블러매트립스틱_MAUVEDRIZZLE,,1,121,41,56,97.59%,#792938,"22,000",매트,89,66,32,deep
3CE_블러매트립스틱_MISTYDAY,,1,189,68,85,74.55%,#bd4455,"22,000",매트,89,64,50,strong
3CE_블러매트립스틱_NEWTROWAVE,,1,141,51,49,100.00%,#8d3331,"22,000",매트,89,65,37,deep
3CE_블러매트립스틱_PEANUTBEIGE,,1,170,104,87,80.93%,#aa6857,"22,000",매트,89,49,50,dull
3CE_블러매트립스틱_PURELAYER,,1,201,87,92,95.93%,#c9575c,"22,000",매트,89,57,56,strong
3CE_블러매트립스틱_SALTYCINNAMON,,1,134,76,68,100.00%,#864c44,"22,000",매트,89,49,40,dull
3CE_블러매트립스틱_TANGERINETANGO,,1,165,68,63,100.00%,#a5443f,"22,000",매트,89,62,45,strong
3CE_블러매트립스틱_UNKNOWNWAY,,1,145,83,99,100.00%,#915363,"22,000",매트,89,43,45,dull
3CE_블러워터틴트_BAKEBEIGE,,1,192,93,69,72.79%,#c05d45,"18,000",워터블러,158,64,51,strong
3CE_블러워터틴트_CHASINGROSE,,1,211,97,93,100.00%,#d3615d,"18,000",워터블러,158,56,60,strong
3CE_블러워터틴트_CORALMOON,,1,217,75,66,100.00%,#d94b42,"18,000",워터블러,158,70,55,strong
3CE_블러워터틴트_DEARMARCH,,1,186,101,94,100.00%,#ba655e,"18,000",워터블러,158,49,55,soft
3CE_블러워터틴트_DOUBLEWIND,,1,169,53,62,100.00%,#a9353e,"18,000",워터블러,158,69,44,deep
3CE_블러워터틴트_EARLYHOUR,,1,185,79,74,62.31%,#b94f4a,"18,000",워터블러,158,60,51,strong
3CE_블러워터틴트_FIRSTLETTER,,1,214,89,75,100.00%,#d6594b,"18,000",워터블러,158,65,57,strong
3CE_블러워터틴트_LAYDOWN,,1,189,88,73,81.09%,#bd5849,"18,000",워터블러,158,61,51,strong
3CE_블러워터틴트_MOREPEACH,,1,229,125,78,100.00%,#e57d4e,"18,000",워터블러,158,66,60,strong
3CE_블러워터틴트_NIGHTTALK,,1,186,95,100,100.00%,#ba5f64,"18,000",워터블러,158,49,55,soft
3CE_블러워터틴트_PINKGUAVA,,1,214,65,72,100.00%,#d64148,"18,000",워터블러,158,70,55,strong
3CE_블러워터틴트_SPOTPLAYER,,1,222,45,64,95.21%,#de2d40,"18,000",워터블러,158,80,52,vivid
3CE_샤인리플렉터_LILACGLAZE,,1,186,115,134,100.00%,#ba7386,"19,000",글로시,29,38,59,soft
3CE_샤인리플렉터_MILKYSHADOW,,1,176,126,107,99.99%,#b07e6b,"19,000",글로시,29,39,55,soft
3CE_샤인리플렉터_NECTAR,,1,125,71,65,100.00%,#7d4741,"19,000",글로시,29,48,37,dull
3CE_샤인리플렉터_OPALSHOWER,,1,198,147,146,72.80%,#c69392,"19,000",글로시,29,26,67,soft
3CE_샤인리플렉터_RAINORSHINE,,1,199,103,110,99.17%,#c7676e,"19,000",글로시,29,48,59,soft
3CE_샤인리플렉터_SOFTEST,,1,204,131,124,100.00%,#cc837c,"19,000",글로시,29,39,64,soft
3CE_소프트매트립스틱_CHILLMOVE,,1,143,76,71,100.00%,#8f4c47,"19,000",매트,161,50,42,deep
3CE_소프트매트립스틱_HAZYROSE,,1,163,83,82,61.88%,#a35352,"19,000",매트,161,50,48,strong
3CE_소프트매트립스틱_REDMUSE,,1,204,78,71,95.65%,#cc4e47,"19,000",매트,161,65,54,strong
3CE_소프트매트립스틱_SPEAKTOME,,1,168,77,65,97.86%,#a84d41,"19,000",매트,161,61,46,strong
3CE_소프트매트립스틱_WARMISHMOVE,,1,192,121,90,97.10%,#c0795a,"19,000",매트,161,53,55,strong
3CE_소프트매트립스틱_WAYBACK,,1,181,118,102,78.64%,#b57666,"19,000",매트,161,44,55,soft
누즈_무스립추얼_모브레인,,1,132,64,72,100.00%,#844048,"17,000",워터블러,38,52,38,deep
누즈_무스립추얼_무스비레드,,1,152,48,56,100.00%,#983038,"17,000",워터블러,38,68,39,deep
누즈_무스립추얼_키치핑크,,1,190,76,90,99.94%,#be4c5a,"17,000",워터블러,38,60,52,strong
누즈_케어립추얼_디핀체리,,1,174,63,104,100.00%,#ae3f68,"17,000",글로시,66,64,46,strong
누즈_케어립추얼_레디쉬허,,1,154,65,74,100.00%,#9a414a,"17,000",글로시,66,58,43,deep
누즈_케어립추얼_몰튼피넛,,1,156,80,82,93.54%,#9c5052,"17,000",글로시,66,49,46,dull
누즈_케어립추얼_쿨리쉬,,1,161,67,95,100.00%,#a1435f,"17,000",글로시,66,58,45,strong
누즈_케어립추얼_쿨베이브,,1,171,90,113,84.09%,#ab5a71,"17,000",글로시,66,47,51,dull
누즈_케어립추얼_탠드아워,,1,164,81,95,100.00%,#a4515f,"17,000",글로시,66,51,48,strong
누즈_케어립추얼_포지로지,,1,154,68,71,94.11%,#9a4447,"17,000",글로시,66,56,44,deep
데이지크_워터블러틴트_라벤더크림,,1,190,91,118,100.00%,#be5b76,"17,000",워터블러,127,52,55,strong
데이지크_워터블러틴트_로지코랄,,1,205,101,102,94.74%,#cd6566,"17,000",워터블러,127,51,60,strong
데이지크_워터블러틴트_리치피치,,1,218,104,104,65.32%,#da6868,"17,000",워터블러,127,52,63,strong
데이지크_워터블러틴트_베리베리,,1,192,79,120,100.00%,#c04f78,"17,000",워터블러,127,59,53,strong
데이지크_워터블러틴트_베리에이드,,1,235,85,148,98.71%,#eb5594,"17,000",워터블러,127,64,63,strong
데이지크_워터블러틴트_스위모브,,1,172,79,96,98.01%,#ac4f60,"17,000",워터블러,127,54,49,strong
데이지크_워터블러틴트_저스트피치,,1,225,116,100,100.00%,#e17464,"17,000",워터블러,127,56,64,strong
데이지크_워터블러틴트_칠링,,1,172,46,83,100.00%,#ac2e53,"17,000",워터블러,127,73,43,deep
데이지크_워터블러틴트_피치듀,,1,239,140,120,100.00%,#ef8c78,"17,000",워터블러,127,50,70,bright
데이지크_워터블러틴트_피치에이드,,1,195,103,102,60.95%,#c36766,"17,000",워터블러,127,48,58,soft
데이지크_쥬시듀이틴트_러브코랄,,1,239,123,108,100.00%,#ef7b6c,"17,000",글로시,88,55,68,bright
데이지크_쥬시듀이틴트_모브무드,,1,203,103,108,83.80%,#cb676c,"17,000",글로시,88,49,60,soft
데이지크_쥬시듀이틴트_모브베리,,1,233,70,99,100.00%,#e94663,"17,000",글로시,88,70,59,strong
데이지크_쥬시듀이틴트_무드망고,,1,246,134,115,100.00%,#f68673,"17,000",글로시,88,53,71,bright
데이지크_쥬시듀이틴트_베리슈,,1,232,123,156,100.00%,#e87b9c,"17,000",글로시,88,47,70,soft
데이지크_쥬시듀이틴트_스위티핑크,,1,223,94,115,96.46%,#df5e73,"17,000",글로시,88,58,62,strong
데이지크_쥬시듀이틴트_오렌지콕,,1,250,112,89,98.68%,#fa7059,"17,000",글로시,88,64,66,bright
데이지크_쥬시듀이틴트_체리소다,,1,233,65,90,100.00%,#e9415a,"17,000",글로시,88,72,58,strong
데이지크_쥬시듀이틴트_칠리셔벗,,1,231,88,79,88.46%,#e7584f,"17,000",글로시,88,66,61,strong
데이지크_쥬시듀이틴트_코랄피즈,,1,249,100,96,100.00%,#f96460,"17,000",글로시,88,61,68,bright
데이지크_쥬시듀이틴트_파파야밀크,,1,240,134,129,100.00%,#f08681,"17,000",글로시,88,46,72,soft
데이지크_쥬시듀이틴트_플럼듀,,1,222,25,80,84.26%,#de1950,"17,000",글로시,88,89,48,vivid
데이지크_쥬시듀이틴트_피그베리,,1,236,94,105,82.48%,#ec5e69,"17,000",글로시,88,60,65,bright
데이지크_쥬시듀이틴트_피그플럼,,1,194,91,122,100.00%,#c25b7a,"17,000",글로시,88,53,56,strong
데이지크_쥬시듀이틴트_피치크러쉬,,1,250,75,90,99.90%,#fa4b5a,"17,000",글로시,88,70,64,strong
데이지크_쥬시듀이틴트_피치푸딩,,1,238,123,128,100.00%,#ee7b80,"17,000",글로시,88,48,71,soft
데이지크_쥬시듀이틴트_핑크구아바,,1,248,86,123,94.18%,#f8567b,"17,000",글로시,88,65,65,bright
데이지크_크림드버터틴트_모브크림,,1,215,120,125,100.00%,#d7787d,"17,000",매트,108,44,66,soft
데이지크_크림드버터틴트_솔티드버터,,1,208,110,104,96.58%,#d06e68,"17,000",매트,108,50,61,strong
데이지크_크림드버터틴트_카라멜브릭,,1,179,86,73,76.74%,#b35649,"17,000",매트,108,59,49,strong
데이지크_크림드버터틴트_코튼플럼,,1,192,88,99,100.00%,#c05863,"17,000",매트,108,54,55,strong
딘토_블러글로이립틴트_그라티아,,1,208,85,88,100.00%,#d05558,"20,000",글로시,11,59,57,strong
딘토_블러글로이립틴트_노빌리타스,,1,234,159,153,100.00%,#ea9f99,"20,000",글로시,11,35,76,light
딘토_블러글로이립틴트_데오볼렌테,,1,126,52,79,100.00%,#7e344f,"20,000",글로시,11,59,35,deep
딘토_블러글로이립틴트_디비니타스,,1,177,77,89,100.00%,#b14d59,"20,000",글로시,11,56,50,strong
딘토_블러글로이립틴트_레베렌티아,,1,215,103,99,100.00%,#d76763,"20,000",글로시,11,54,62,strong
딘토_블러글로이립틴트_리베르타스,,1,177,115,104,100.00%,#b17368,"20,000",글로시,11,41,55,soft
딘토_블러글로이립틴트_메멘토모리,,1,147,51,53,100.00%,#933335,"20,000",글로시,11,65,39,deep
딘토_블러글로이립틴트_모데스티아,,1,152,102,101,100.00%,#986665,"20,000",글로시,11,34,50,dull
딘토_블러글로이립틴트_무니아,,1,189,76,94,100.00%,#bd4c5e,"20,000",글로시,11,60,52,strong
딘토_블러글로이립틴트_베누스,,1,241,151,140,100.00%,#f1978c,"20,000",글로시,11,42,75,light
딘토_블러글로이립틴트_베니아,,1,183,107,120,100.00%,#b76b78,"20,000",글로시,11,42,57,soft
딘토_블러글로이립틴트_보눔,,1,202,0,60,100.00%,#ca003c,"20,000",글로시,11,100,40,vivid
딘토_블러글로이립틴트_소피아,,1,207,125,101,100.00%,#cf7d65,"20,000",글로시,11,51,60,strong
딘토_블러글로이립틴트_수이파마,,1,204,36,76,100.00%,#cc244c,"20,000",글로시,11,70,47,strong
딘토_블러글로이립틴트_아베마리아,,1,198,132,144,100.00%,#c68490,"20,000",글로시,11,33,65,soft
딘토_블러글로이립틴트_유스티티아,,1,252,145,163,100.00%,#fc91a3,"20,000",글로시,11,42,78,light
딘토_블러글로이립틴트_코르,,1,240,132,106,100.00%,#f0846a,"20,000",글로시,11,56,68,bright
딘토_블러글로이립틴트_팍스,,1,213,57,128,100.00%,#d53980,"20,000",글로시,11,73,53,strong
딘토_블러글로이립틴트_팍스로마나,,1,200,128,132,100.00%,#c88084,"20,000",글로시,11,36,64,soft
딘토_블러글로이립틴트_피데스,,1,176,67,70,100.00%,#b04346,"20,000",글로시,11,62,48,strong
딘토_블러글로이립틴트_피덴티아,,1,202,80,95,100.00%,#ca505f,"20,000",글로시,11,60,55,strong
라카_프루티글램틴트_듀이,,1,150,62,83,100.00%,#963e53,"15,000",글로시,139,59,42,deep
라카_프루티글램틴트_어도어,,1,214,67,108,100.00%,#d6436c,"15,000",글로시,139,69,55,strong
라카_프루티글램틴트_엔비,,1,89,6,22,100.00%,#590616,"15,000",글로시,139,93,19,vivid
라카_프루티글램틴트_조이풀,,1,216,90,96,100.00%,#d85a60,"15,000",글로시,139,58,60,strong
라카_프루티글램틴트_체리,,1,124,20,23,96.79%,#7c1417,"15,000",글로시,139,84,28,vivid
라카_프루티글램틴트_카페인로즈,,1,79,11,6,100.00%,#4f0b06,"15,000",글로시,139,92,17,vivid
라카_프루티글램틴트_캔디드,,1,154,3,12,97.59%,#9a030c,"15,000",글로시,139,98,31,vivid
라카_프루티글램틴트_콜드,,1,218,74,133,100.00%,#da4a85,"15,000",글로시,139,66,57,strong
레미유_코튼플러피틴트_더스티모브,,1,126,62,59,91.41%,#7e3e3b,"19,000",매트,80,53,36,deep
레미유_코튼플러피틴트_번트브라운,,1,158,94,77,93.50%,#9e5e4d,"19,000",매트,80,51,46,strong
레미유_코튼플러피틴트_빈티지로즈,,1,170,108,101,65.84%,#aa6c65,"19,000",매트,80,41,53,dull
레미유_코튼플러피틴트_솔티드베이지,,1,175,112,90,50.95%,#af705a,"19,000",매트,80,49,52,dull
레미유_코튼플러피틴트_페이디드레드,,1,157,81,67,94.52%,#9d5143,"19,000",매트,80,57,44,deep
롬앤_블러퍼지틴트_라드우드,,1,117,63,59,71.56%,#753f3b,"13,000",매트,148,50,35,deep
롬앤_블러퍼지틴트_로지엔탈,,1,163,70,69,45.99%,#a34645,"13,000",매트,148,58,45,strong
롬앤_블러퍼지틴트_머스키,,1,137,58,53,79.19%,#893a35,"13,000",매트,148,61,37,deep
롬앤_블러퍼지틴트_모비쉬,,1,157,78,89,58.42%,#9d4e59,"13,000",매트,148,50,46,strong
롬앤_블러퍼지틴트_베리피즈,,1,242,101,128,98.18%,#f26580,"13,000",매트,148,58,67,bright
롬앤_블러퍼지틴트_비비캔디,,1,214,75,111,90.45%,#d64b6f,"13,000",매트,148,65,57,strong
롬앤_블러퍼지틴트_언로즈,,1,241,94,104,66.91%,#f15e68,"13,000",매트,148,61,66,bright
롬앤_블러퍼지틴트_웜밍업,,1,218,125,104,100.00%,#da7d68,"13,000",매트,148,52,63,strong
롬앤_블러퍼지틴트_커런트잼,,1,145,63,71,93.48%,#913f47,"13,000",매트,148,57,41,deep
롬앤_블러퍼지틴트_코랄쥬빌레,,1,238,74,81,98.51%,#ee4a51,"13,000",매트,148,69,61,strong
롬앤_블러퍼지틴트_쿨로즈업,,1,160,68,80,93.26%,#a04450,"13,000",매트,148,57,45,strong
롬앤_블러퍼지틴트_쿨링업,,1,230,119,132,100.00%,#e67784,"13,000",매트,148,48,68,soft
롬앤_블러퍼지틴트_퍼지레드,,1,235,61,73,94.44%,#eb3d49,"13,000",매트,148,74,58,strong
롬앤_블러퍼지틴트_포멜로코,,1,193,94,82,62.41%,#c15e52,"13,000",매트,148,58,54,strong
롬앤_블러퍼지틴트_푸시아바이브,,1,228,60,82,98.55%,#e43c52,"13,000",매트,148,74,56,strong
롬앤_쥬시래스팅틴트_누디피넛,,1,191,94,86,94.02%,#bf5e56,"9,900",글로시,168,55,54,strong
롬앤_쥬시래스팅틴트_누카다미아,,1,193,92,88,90.35%,#c15c58,"9,900",글로시,168,54,55,strong
롬앤_쥬시래스팅틴트_다크 코코넛,,1,101,43,35,85.75%,#652b23,"9,900",글로시,168,65,27,deep
롬앤_쥬시래스팅틴트_리치코랄,,1,212,95,102,97.65%,#d45f66,"9,900",글로시,168,55,60,strong
롬앤_쥬시래스팅틴트_멀드피치,,1,166,80,85,69.39%,#a65055,"9,900",글로시,168,52,48,strong
롬앤_쥬시래스팅틴트_멜로우페어,,1,206,138,128,100.00%,#ce8a80,"9,900",글로시,168,38,65,soft
롬앤_쥬시래스팅틴트_베리베리핑크,,1,248,53,139,99.97%,#f8358b,"9,900",글로시,168,79,59,vivid
롬앤_쥬시래스팅틴트_베어그레이프,,1,189,79,101,80.89%,#bd4f65,"9,900",글로시,168,58,53,strong
롬앤_쥬시래스팅틴트_베어바인,,1,197,124,152,98.78%,#c57c98,"9,900",글로시,168,37,63,soft
롬앤_쥬시래스팅틴트_베어베리스무디,,1,254,159,206,100.00%,#fe9fce,"9,900",글로시,168,37,81,light
롬앤_쥬시래스팅틴트_베어애프리콧,,1,254,176,181,75.97%,#feb0b5,"9,900",글로시,168,31,84,light
롬앤_쥬시래스팅틴트_베어피그,,1,216,92,126,98.15%,#d85c7e,"9,900",글로시,168,57,60,strong
롬앤_쥬시래스팅틴트_브리즈피그,,1,210,131,125,100.00%,#d2837d,"9,900",글로시,168,40,66,soft
롬앤_쥬시래스팅틴트_아몬드 로즈,,1,139,60,64,100.00%,#8b3c40,"9,900",글로시,168,57,39,deep
롬앤_쥬시래스팅틴트_애플브라운,,1,170,51,28,96.79%,#aa331c,"9,900",글로시,168,84,39,vivid
롬앤_쥬시래스팅틴트_오드그레이프,,1,216,143,146,100.00%,#d88f92,"9,900",글로시,168,34,70,soft
롬앤_쥬시래스팅틴트_잇도토리,,1,135,40,21,98.31%,#872815,"9,900",글로시,168,84,31,vivid
롬앤_쥬시래스팅틴트_쥬쥬브,,1,159,47,51,93.40%,#9f2f33,"9,900",글로시,168,70,40,deep
롬앤_쥬시래스팅틴트_체리밤,,1,123,17,32,91.04%,#7b1120,"9,900",글로시,168,86,27,vivid
롬앤_쥬시래스팅틴트_코니소다,,1,138,17,25,94.94%,#8a1119,"9,900",글로시,168,88,30,vivid
롬앤_쥬시래스팅틴트_파파야잼,,1,226,95,74,99.93%,#e25f4a,"9,900",글로시,168,67,59,strong
롬앤_쥬시래스팅틴트_포멜로스킨,,1,192,99,82,79.70%,#c06352,"9,900",글로시,168,57,54,strong
롬앤_쥬시래스팅틴트_플럼콕,,1,59,0,26,100.00%,#3b001a,"9,900",글로시,168,100,12,vivid
롬앤_쥬시래스팅틴트_피그피그,,1,160,47,70,98.78%,#a02f46,"9,900",글로시,168,71,41,deep
롬앤_쥬시래스팅틴트_필링앵두,,1,158,57,62,100.00%,#9e393e,"9,900",글로시,168,64,42,deep
롬앤_쥬시래스팅틴트_핑크 팝시클,,1,224,15,112,65.19%,#e00f70,"9,900",글로시,168,93,47,vivid
롬앤_쥬시래스팅틴트_핑크펌킨,,1,187,75,81,73.83%,#bb4b51,"9,900",글로시,168,60,51,strong
릴리바이레드_무드라이어벨벳틴트_무덤덤한무화과인척,,1,155,43,42,95.80%,#9b2b2a,"13,000",매트,58,73,39,deep
릴리바이레드_무드라이어벨벳틴트_순수한사과인척,,1,185,0,50,100.00%,#b90032,"13,000",매트,58,100,36,vivid
릴리바이레드_무드라이어벨벳틴트_시니컬한블루베리인척,,1,92,10,33,100.00%,#5c0a21,"13,000",매트,58,89,20,vivid
릴리바이레드_무드라이어벨벳틴트_우아한산딸기인척,,1,183,44,72,100.00%,#b72c48,"13,000",매트,58,76,45,vivid
릴리바이레드_무드라이어벨벳틴트_자비없는포도인척,,1,123,36,65,100.00%,#7b2441,"13,000",매트,58,71,31,deep
릴리바이레드_무드라이어벨벳틴트_치명적인석류인척,,1,115,19,23,67.37%,#731317,"13,000",매트,58,83,26,vivid
메리몽드_밀크하트틴트립앤치크_모브밀크,,1,255,185,206,98.45%,#ffb9ce,"15,000",글로시,19,27,86,light
메리몽드_밀크하트틴트립앤치크_뮤트밀크,,1,254,123,148,75.80%,#fe7b94,"15,000",글로시,19,52,74,bright
메리몽드_밀크하트틴트립앤치크_스트로베리밀크,,1,219,133,152,100.00%,#db8598,"15,000",글로시,19,39,69,soft
메리몽드_밀크하트틴트립앤치크_캔디밀크,,1,228,161,201,51.70%,#e4a1c9,"15,000",글로시,19,29,76,light
메리몽드_체리하트메가틴트_리얼체리,,1,73,10,8,88.90%,#490a08,"15,000",매트,20,89,16,vivid
메리몽드_체리하트메가틴트_모브체리,,1,170,98,122,74.33%,#aa627a,"15,000",매트,20,42,53,dull
메리몽드_체리하트메가틴트_뮤트체리,,1,184,136,138,64.15%,#b8888a,"15,000",매트,20,26,63,soft
메리몽드_체리하트메가틴트_버터체리,,1,170,94,71,55.01%,#aa5e47,"15,000",매트,20,58,47,strong
메리몽드_체리하트메가틴트_베리체리,,1,149,48,64,54.46%,#953040,"15,000",매트,20,68,39,deep
메리몽드_체리하트메가틴트_브릭체리,,1,145,67,53,98.96%,#914335,"15,000",매트,20,63,39,deep
메리몽드_체리하트메가틴트_차분체리,,1,185,87,91,72.90%,#b9575b,"15,000",매트,20,53,53,strong
메리몽드_체리하트메가틴트_크림체리,,1,217,154,142,89.10%,#d99a8e,"15,000",매트,20,35,70,soft
뮤드_글라세립틴트_모브모어,,1,152,75,81,99.69%,#984b51,"17,000",글로시,121,51,45,strong
뮤드_글라세립틴트_번트칠리,,1,180,59,41,99.82%,#b43b29,"17,000",글로시,121,77,43,vivid
뮤드_글라세립틴트_오운핑크,,1,211,112,110,88.73%,#d3706e,"17,000",글로시,121,48,63,soft
뮤드_글라세립틴트_위켄드,,1,206,63,55,78.64%,#ce3f37,"17,000",글로시,121,73,51,strong
뮤드_글라세립틴트_윈디,,1,223,88,106,100.00%,#df586a,"17,000",글로시,121,61,61,strong
뮤드_글라세립틴트_코랄글라세,,1,212,84,72,100.00%,#d45448,"17,000",글로시,121,66,56,strong
뮤드_글라세립틴트_콜드체리,,1,100,22,30,55.50%,#64161e,"17,000",글로시,121,78,24,vivid
뮤드_글라세립틴트_플러미,,1,144,28,57,100.00%,#901c39,"17,000",글로시,121,81,34,vivid
뮤드_소프트블러틴트_러스티슈가,,1,216,116,104,62.25%,#d87468,"17,000",매트,59,52,63,strong
뮤드_소프트블러틴트_로즈우드,,1,160,68,64,94.83%,#a04440,"17,000",매트,59,60,44,deep
뮤드_소프트블러틴트_메이플,,1,151,65,62,96.73%,#97413e,"17,000",매트,59,59,42,deep
뮤드_소프트블러틴트_버니,,1,228,113,125,83.17%,#e4717d,"17,000",매트,59,50,67,bright
뮤드_소프트블러틴트_번트시에나,,1,110,32,29,73.26%,#6e201d,"17,000",매트,59,74,27,deep
뮤드_소프트블러틴트_베리팟,,1,107,40,48,63.20%,#6b2830,"17,000",매트,59,63,29,deep
뮤드_소프트블러틴트_소울모브,,1,160,79,102,81.36%,#a04f66,"17,000",매트,59,51,47,strong
뮤드_소프트블러틴트_스무디,,1,235,104,126,52.55%,#eb687e,"17,000",매트,59,56,66,bright
뮤드_소프트블러틴트_인스파이어,,1,143,66,51,97.27%,#8f4233,"17,000",매트,59,64,38,deep
뮤드_소프트블러틴트_체리아워,,1,172,46,52,83.31%,#ac2e34,"17,000",매트,59,73,43,deep
뮤드_소프트블러틴트_퍼피,,1,233,82,85,94.89%,#e95255,"17,000",매트,59,65,62,strong
뮤드_소프트블러틴트_페일페탈,,1,189,91,104,86.91%,#bd5b68,"17,000",매트,59,52,55,strong
뮤드_소프트블러틴트_프렌치플럼,,1,130,34,52,69.56%,#822234,"17,000",매트,59,74,32,deep
뮤드_소프트블러틴트_하트워밍,,1,211,79,62,89.00%,#d34f3e,"17,000",매트,59,71,54,strong
바닐라코_글로우베일립스틱_러브미,,1,145,35,32,99.97%,#912320,"18,000",글로시,60,78,35,vivid
바닐라코_글로우베일립스틱_모브문,,1,113,29,48,100.00%,#711d30,"18,000",글로시,60,74,28,deep
바닐라코_글로우베일립스틱_블리스,,1,182,66,71,100.00%,#b64247,"18,000",글로시,60,64,49,strong
바닐라코_글로우베일립스틱_슈가코랄,,1,209,75,76,61.09%,#d14b4c,"18,000",글로시,60,64,56,strong
바닐라코_글로우베일립스틱_애플캔디,,1,184,15,31,100.00%,#b80f1f,"18,000",글로시,60,92,39,vivid
바닐라코_글로우베일립스틱_쥬시피즈,,1,220,52,18,100.00%,#dc3412,"18,000",글로시,60,92,47,vivid
바닐라코_글로우베일립스틱_코지베이지,,1,186,84,59,97.32%,#ba543b,"18,000",글로시,60,68,48,strong
바닐라코_글로우베일립스틱_핑크플레저,,1,190,56,70,94.48%,#be3846,"18,000",글로시,60,71,48,strong
바닐라코_글로우베일틴트_누디니어,,1,218,98,89,100.00%,#da6259,"16,000",글로시,120,59,60,strong
바닐라코_글로우베일틴트_딥헤이지,,1,149,37,27,99.77%,#95251b,"16,000",글로시,120,82,35,vivid
바닐라코_글로우베일틴트_로지쉘,,1,173,44,42,96.40%,#ad2c2a,"16,000",글로시,120,76,42,vivid
바닐라코_글로우베일틴트_밀키시나몬,,1,210,101,84,61.49%,#d26554,"16,000",글로시,120,60,58,strong
바닐라코_글로우베일틴트_폴인모브,,1,197,91,103,100.00%,#c55b67,"16,000",글로시,120,54,56,strong
바닐라코_벨벳블러드베일립스틱_드리머,,1,209,112,119,99.60%,#d17077,"16,000",매트,141,46,63,soft
바닐라코_벨벳블러드베일립스틱_러스틱,,1,203,106,86,81.55%,#cb6a56,"16,000",매트,141,58,57,strong
바닐라코_벨벳블러드베일립스틱_로지페탈,,1,186,85,80,99.93%,#ba5550,"16,000",매트,141,57,52,strong
바닐라코_벨벳블러드베일립스틱_스모크모브,,1,154,67,83,100.00%,#9a4353,"16,000",매트,141,56,43,deep
바닐라코_벨벳블러드베일립스틱_스타일아이콘,,1,199,84,118,100.00%,#c75476,"16,000",매트,141,58,55,strong
바닐라코_벨벳블러드베일립스틱_위스퍼링핑크,,1,195,95,98,99.31%,#c35f62,"16,000",매트,141,51,57,strong
바닐라코_벨벳블러드베일립스틱_클로짓,,1,190,82,70,91.21%,#be5246,"16,000",매트,141,63,51,strong
바닐라코_쉬어벨벳베일틴트_러브미,,1,155,49,48,69.62%,#9b3130,"16,000",매트,61,69,40,deep
바닐라코_쉬어벨벳베일틴트_발레리나,,1,212,116,110,98.84%,#d4746e,"16,000",매트,61,48,63,soft
바닐라코_쉬어벨벳베일틴트_텐더브리즈,,1,190,87,77,100.00%,#be574d,"16,000",매트,61,59,52,strong
바닐라코_쉬어벨벳베일틴트_프렌치레드,,1,137,25,37,100.00%,#891925,"16,000",매트,61,82,32,vivid
바닐라코_쉬어벨벳베일틴트_피그모브,,1,137,65,67,79.01%,#894143,"16,000",매트,61,53,40,deep
바닐라코_쉬어벨벳베일틴트_피오리,,1,202,94,106,100.00%,#ca5e6a,"16,000",매트,61,53,58,strong
아떼_어센틱에어리립밤_써니사이드업,,1,233,91,80,99.98%,#e95b50,"33,000",매트,94,66,61,strong
아떼_어센틱에어리립밤_쏘웜,,1,212,89,90,80.62%,#d4595a,"33,000",매트,94,58,59,strong
아떼_어센틱에어리립밤_체리베리머치,,1,197,55,70,73.80%,#c53746,"33,000",매트,94,72,49,strong
아떼_어센틱에어리립밤_칠리,,1,168,61,61,71.14%,#a83d3d,"33,000",매트,94,64,45,strong
아떼_어센틱에어리립밤_핑크어랏,,1,230,110,119,99.90%,#e66e77,"33,000",매트,94,52,67,bright
아떼_어센틱에어리립밤_헤이즈,,1,203,117,114,84.33%,#cb7572,"33,000",매트,94,44,62,soft
에뛰드_픽싱틴트_로즈라일락,,1,137,23,74,100.00%,#89174a,"12,000",매트,96,83,31,vivid
에뛰드_픽싱틴트_로즈블렌딩,,1,168,50,82,100.00%,#a83252,"12,000",매트,96,70,43,deep
에뛰드_픽싱틴트_미드나잇모브,,1,185,93,98,100.00%,#b95d62,"12,000",매트,96,50,55,strong
에뛰드_픽싱틴트_베이크드피칸,,1,158,66,67,100.00%,#9e4243,"12,000",매트,96,58,44,deep
에뛰드_픽싱틴트_우디핑크,,1,168,79,93,100.00%,#a84f5d,"12,000",매트,96,53,48,strong
에뛰드_픽싱틴트_코랄브리즈,,1,215,79,76,99.70%,#d74f4c,"12,000",매트,96,65,57,strong
에뛰드_픽싱틴트_쿨핑온탑,,1,196,121,140,100.00%,#c4798c,"12,000",매트,96,38,62,soft
에뛰드_픽싱틴트_크랜베리플럼,,1,178,71,80,100.00%,#b24750,"12,000",매트,96,60,49,strong
에뛰드_픽싱틴트_핑크피크,,1,169,62,73,100.00%,#a93e49,"12,000",매트,96,63,45,strong
오에니르_듀잇틴트_돌체크림,,1,197,115,107,89.59%,#c5736b,"17,000",글로시,63,46,60,soft
오에니르_듀잇틴트_러브모어,,1,203,116,119,98.69%,#cb7477,"17,000",글로시,63,43,63,soft
오에니르_듀잇틴트_모브누드,,1,181,87,108,99.72%,#b5576c,"17,000",글로시,63,52,53,strong
오에니르_듀잇틴트_살구베이비,,1,221,121,91,100.00%,#dd795b,"17,000",글로시,63,59,61,strong
오에니르_듀잇틴트_코코버디,,1,183,88,86,99.07%,#b75856,"17,000",글로시,63,53,53,strong
오에니르_듀잇틴트_페어리윙크,,1,202,90,104,98.98%,#ca5a68,"17,000",글로시,63,55,57,strong
오에니르_아워글로우립_루티나,,1,121,52,48,68.00%,#793430,"19,600",글로시,91,60,33,deep
오에니르_아워글로우립_멜로우,,1,179,82,81,58.65%,#b35251,"19,600",글로시,91,55,51,strong
오에니르_아워글로우립_윈디아,,1,157,84,98,53.01%,#9d5462,"19,600",글로시,91,46,47,dull
오에니르_아워글로우립_칠리쉬,,1,133,37,28,85.71%,#85251c,"19,600",글로시,91,79,32,vivid
오에니르_아워글로우립_토스티,,1,132,53,39,81.54%,#843527,"19,600",글로시,91,70,34,deep
오에니르_아워글로우립_플러밍,,1,107,30,39,100.00%,#6b1e27,"19,600",글로시,91,72,27,deep
웨이크메이크_워터블러링픽싱틴트_레드체크아웃,,1,157,38,32,67.07%,#9d2620,"16,000",워터블러,74,80,37,vivid
웨이크메이크_워터블러링픽싱틴트_뮤트어페어,,1,240,131,103,100.00%,#f08367,"16,000",워터블러,74,57,67,bright
웨이크메이크_워터블러링픽싱틴트_베리피즈,,1,224,27,97,92.63%,#e01b61,"16,000",워터블러,74,88,49,vivid
웨이크메이크_워터블러링픽싱틴트_빈노이즈,,1,214,83,104,100.00%,#d65368,"16,000",워터블러,74,61,58,strong
웨이크메이크_워터블러링픽싱틴트_소프트브릭,,1,223,101,84,64.50%,#df6554,"16,000",워터블러,74,62,60,strong
웨이크메이크_워터블러링픽싱틴트_스프링라이크핑크,,1,254,103,110,100.00%,#fe676e,"16,000",워터블러,74,59,70,bright
웨이크메이크_워터블러링픽싱틴트_어텀뮬리,,1,206,89,106,100.00%,#ce596a,"16,000",워터블러,74,57,58,strong
웨이크메이크_워터블러링픽싱틴트_오리엔탈루비,,1,213,11,18,100.00%,#d50b12,"16,000",워터블러,74,95,44,vivid
웨이크메이크_워터블러링픽싱틴트_오션핑크,,1,218,100,107,100.00%,#da646b,"16,000",워터블러,74,61,62,stong
웨이크메이크_워터블러링픽싱틴트_젠틀브릭,,1,170,64,51,100.00%,#aa4033,"16,000",워터블러,74,70,43,deep
웨이크메이크_워터블러링픽싱틴트_텐더모브,,1,217,117,113,99.97%,#d97571,"16,000",워터블러,74,48,65,soft
웨이크메이크_워터블러링픽싱틴트_피그올로지,,1,225,103,113,89.19%,#e16771,"16,000",워터블러,74,54,64,strong
웨이크메이크_워터블러링픽싱틴트_피치비치,,1,254,148,115,100.00%,#fe9473,"16,000",워터블러,74,55,72,bright
웨이크메이크_워터블러링픽싱틴트_핑크미터,,1,242,88,105,80.73%,#f25869,"16,000",워터블러,74,64,65,bright
웨이크메이크_워터블러링픽싱틴트_핑크하이웨이,,1,249,76,125,100.00%,#f94c7d,"16,000",워터블러,74,69,64,strong
코스노리_워터블러리틴트_러브페어링,,1,202,83,93,100.00%,#ca535d,"14,000",워터블러,47,59,56,strong
코스노리_워터블러리틴트_로즈두,,1,205,79,78,85.93%,#cd4f4e,"14,000",워터블러,47,62,55,strong
코스노리_워터블러리틴트_리저브무드,,1,185,79,78,98.29%,#b94f4e,"14,000",워터블러,47,58,52,strong
코스노리_워터블러리틴트_빈티지모브,,1,212,110,124,100.00%,#d46e7c,"14,000",워터블러,47,48,63,soft
코스노리_워터블러리틴트_오브마티니,,1,198,116,108,100.00%,#c6746c,"14,000",워터블러,47,45,60,soft
키보_도톰립플러스립플럼퍼_그레이프콕,,1,237,130,152,100.00%,#ed8298,"20,000",글로시,34,45,72,soft
키보_도톰립플러스립플럼퍼_무화과스무디,,1,206,99,105,100.00%,#ce6369,"20,000",글로시,34,52,60,strong
키보_도톰립플러스립플럼퍼_스프링달링,,1,252,140,139,89.16%,#fc8c8b,"20,000",글로시,34,45,77,light
키보_도톰립플러스립플럼퍼_앵두쨈,,1,185,22,42,100.00%,#b9162a,"20,000",글로시,34,88,41,vivid
키보_도톰립플러스립플럼퍼_윈터베리,,1,151,43,66,100.00%,#972b42,"20,000",글로시,34,72,38,deep
키보_도톰립플러스립플럼퍼_윈터오브미,,1,228,34,53,100.00%,#e42235,"20,000",글로시,34,85,51,vivid
키보_도톰립플러스립플럼퍼_체리에이드,,1,250,45,57,99.74%,#fa2d39,"20,000",글로시,34,82,58,vivid
키보_도톰립플러스립플럼퍼_핑크크러쉬,,1,246,98,169,98.68%,#f662a9,"20,000",글로시,34,60,67,bright
키스미_아이라이트블러리픽싱틴트_로지데저트,,1,157,81,71,100.00%,#9d5147,"16,000",매트,116,55,45,strong
키스미_아이라이트블러리픽싱틴트_릿치레드,,1,137,34,29,99.95%,#89221d,"16,000",매트,116,79,33,vivid
키스미_아이라이트블러리픽싱틴트_모비쉬다프네,,1,128,39,56,97.92%,#802738,"16,000",매트,116,70,33,deep
키스미_아이라이트블러리픽싱틴트_스모키로즈,,1,185,78,80,83.14%,#b94e50,"16,000",매트,116,58,52,strong
키스미_아이라이트블러리픽싱틴트_콜드루비,,1,120,25,19,100.00%,#781913,"16,000",매트,116,84,27,vivid
키스미_아이라이트블러리픽싱틴트_퍼시몬코랄,,1,146,49,47,99.63%,#92312f,"16,000",매트,116,68,38,deep
투쿨포스쿨_끌레어틴트_글림레드,,1,136,29,38,100.00%,#881d26,"12,000",글로시,160,79,32,vivid
투쿨포스쿨_끌레어틴트_러디피치,,1,205,78,64,100.00%,#cd4e40,"12,000",글로시,160,69,53,strong
투쿨포스쿨_끌레어틴트_로지뷰,,1,122,49,53,52.81%,#7a3135,"12,000",글로시,160,60,34,deep
투쿨포스쿨_끌레어틴트_로지스웨이,,1,120,45,56,88.77%,#782d38,"12,000",글로시,160,62,32,deep
투쿨포스쿨_끌레어틴트_리치라이즈,,1,171,42,34,100.00%,#ab2a22,"12,000",글로시,160,80,40,vivid
투쿨포스쿨_끌레어틴트_문더스트,,1,113,43,65,99.98%,#712b41,"12,000",글로시,160,62,31,deep
투쿨포스쿨_끌레어틴트_미러베리,,1,150,29,46,100.00%,#961d2e,"12,000",글로시,160,81,35,vivid
투쿨포스쿨_끌레어틴트_포그선셋,,1,147,56,50,100.00%,#933832,"12,000",글로시,160,66,39,deep
투쿨포스쿨_플레르틴트_드리즐,,1,213,132,118,100.00%,#d58476,"12,000",글로시,100,45,65,soft
투쿨포스쿨_플레르틴트_티어풀,,1,210,95,91,93.60%,#d25f5b,"12,000",글로시,100,57,59,strong
투쿨포스쿨_플레르틴트_플랍,,1,236,115,137,100.00%,#ec7389,"12,000",글로시,100,51,69,bright
투쿨포스쿨_플레르틴트_플래쉬,,1,206,91,118,99.86%,#ce5b76,"12,000",글로시,100,56,58,strong
투쿨포스쿨_플레르틴트_휘슬링,,1,226,128,106,100.00%,#e2806a,"12,000",글로시,100,53,65,bright
투쿨포스쿨_픽싱블러립_모노로즈,,1,168,82,85,79.76%,#a85255,"12,000",매트,156,51,49,strong
투쿨포스쿨_픽싱블러립_버닝베이지,,1,166,86,78,99.19%,#a6564e,"12,000",매트,156,53,48,strong
투쿨포스쿨_픽싱블러립_칠링로즈,,1,186,75,76,59.35%,#ba4b4c,"12,000",매트,156,60,51,strong
투쿨포스쿨_픽싱블러립_페탈핑크,,1,188,108,100,91.30%,#bc6c64,"12,000",매트,156,47,56,soft
투쿨포스쿨_픽싱블러립_피치릿,,1,180,76,61,99.92%,#b44c3d,"12,000",매트,156,66,47,strong
페리페라_잉크더벨벳_누디풀데이,,1,164,84,96,69.55%,#a45460,"10,000",매트,167,49,49,dull
페리페라_잉크더벨벳_누디플로우,,1,186,91,89,99.90%,#ba5b59,"10,000",매트,167,52,54,strong
페리페라_잉크더벨벳_봄상특파원,,1,208,122,106,99.74%,#d07a6a,"10,000",매트,167,49,55,soft
페리페라_잉크더벨벳_페립포터,,1,193,119,113,71.34%,#c17771,"10,000",매트,167,41,51,dull
페리페라_잉크더벨벳_품절대란,,1,222,9,54,66.58%,#de0936,"10,000",매트,167,96,45,vivid
페리페라_잉크더벨벳_하트백만개,,1,169,2,54,100.00%,#a90236,"10,000",매트,167,99,60,vivid
페리페라_잉크더벨벳_햇살주의보,,1,248,108,99,50.74%,#f86c63,"10,000",매트,167,60,45,strong
페리페라_잉크더에어리벨벳_내안에피치,,1,221,73,68,100.00%,#dd4944,"10,000",매트,171,69,34,deep
페리페라_잉크더에어리벨벳_너지금무화과,,1,183,89,79,99.31%,#b7594f,"10,000",매트,171,57,68,bright
페리페라_잉크더에어리벨벳_딱복피치,,1,248,82,82,75.54%,#f85252,"10,000",매트,171,67,57,strong
페리페라_잉크더에어리벨벳_땡큐베리마치,,1,226,64,89,100.00%,#e24059,"10,000",매트,171,72,51,strong
페리페라_잉크더에어리벨벳_물복피치,,1,231,118,135,99.97%,#e77687,"10,000",매트,171,49,65,soft
페리페라_잉크더에어리벨벳_미모열일,,1,228,41,79,100.00%,#e4294f,"10,000",매트,171,82,57,vivid
페리페라_잉크더에어리벨벳_심장폭격,,1,224,51,35,68.17%,#e03323,"10,000",매트,171,84,53,vivid
페리페라_잉크더에어리벨벳_이거다살구,,1,229,113,116,99.54%,#e57174,"10,000",매트,171,51,72,bright
페리페라_잉크더에어리벨벳_정신체리,,1,207,13,52,82.84%,#cf0d34,"10,000",매트,171,94,51,vivid
페리페라_잉크더에어리벨벳_최애쁨템,,1,254,90,80,98.71%,#fe5a50,"10,000",매트,171,69,67,bright
페리페라_잉크더에어리벨벳_피치나는솔로,,1,242,80,110,99.90%,#f2506e,"10,000",매트,171,67,43,deep
페리페라_잉크더에어리벨벳_확신의피치상,,1,253,107,101,99.97%,#fd6b65,"10,000",매트,171,60,65,bright
퓌_3D볼류밍글로스_바닐라30,,1,251,171,168,95.50%,#fbaba8,"18,000",글로시,15,33,46,dull
퓌_3D볼류밍글로스_바닐라70,,1,247,117,106,100.00%,#f7756a,"18,000",글로시,15,57,48,strong
퓌_3D볼류밍글로스_소르베30,,1,250,121,110,100.00%,#fa796e,"18,000",글로시,15,56,71,bright
퓌_3D볼류밍글로스_소르베70,,1,242,102,84,67.97%,#f26654,"18,000",글로시,15,65,69,bright
퓌_3D볼류밍글로스_스카치30,,1,190,128,117,100.00%,#be8075,"18,000",글로시,15,38,71,soft
퓌_3D볼류밍글로스_스카치70,,1,122,61,53,100.00%,#7a3d35,"18,000",글로시,15,57,64,strong
퓌_3D볼류밍글로스_앵두30,,1,254,156,174,100.00%,#fe9cae,"18,000",글로시,15,39,60,soft
퓌_3D볼류밍글로스_앵두70,,1,215,0,39,100.00%,#d70027,"18,000",글로시,15,100,34,vivid
퓌_3D볼류밍글로스_캔디30,,1,254,145,181,100.00%,#fe91b5,"18,000",글로시,15,43,80,light
퓌_3D볼류밍글로스_캔디70,,1,253,104,150,96.26%,#fd6896,"18,000",글로시,15,59,42,deep
퓌_3D볼류밍글로스_커런트30,,1,227,145,165,95.97%,#e391a5,"18,000",글로시,15,36,78,light
퓌_3D볼류밍글로스_커런트70,,1,193,73,100,89.29%,#c14964,"18,000",글로시,15,62,70,bright
피브_컬러드롭립틴트_노메이크업,,1,251,112,50,99.83%,#fb7032,"17,000",글로시,129,80,38,vivid
피브_컬러드롭립틴트_로지코지,,1,212,56,66,52.69%,#d43842,"17,000",글로시,129,74,60,strong
피브_컬러드롭립틴트_마이베스티스,,1,216,44,17,100.00%,#d82c11,"17,000",글로시,129,92,59,vivid
피브_컬러드롭립틴트_미닝아웃,,1,252,0,25,99.14%,#fc0019,"17,000",글로시,129,100,53,vivid
피브_컬러드롭립틴트_밀키피치,,1,237,113,100,100.00%,#ed7164,"17,000",글로시,129,58,46,strong
피브_컬러드롭립틴트_애프터스쿼트,,1,198,0,14,100.00%,#c6000e,"17,000",글로시,129,100,49,vivid
피브_컬러드롭립틴트_위티플럼,,1,162,0,39,100.00%,#a20027,"17,000",글로시,129,100,66,vivid
피브_컬러드롭립틴트_칠링칠리,,1,209,0,19,100.00%,#d10013,"17,000",글로시,129,100,39,vivid
피브_컬러드롭립틴트_피터패트,,1,236,3,61,99.04%,#ec033d,"17,000",글로시,129,99,32,vivid
피브_컬러드롭립틴트_허밍모브,,1,210,79,97,100.00%,#d24f61,"17,000",글로시,129,62,41,deep